id_empresa;nombre_empresa;tipo_empresa;direccion_empresa;id_region;nombre_region;id_comuna;nombre_comuna;fono_empresa;horario_atencion;latitud;longitud;marca;logo;logo_svg;logo_horizontal_svg;tamano;medida;precio
gad1312601;GAS DON JORGE;Distribuidora GLP;CARRASCAL 6083;13;Metropolitana de Santiago;13126;Quinta Normal;+56 27739764-27863121;24 Horas;-33,416199105699;-70,713633674869;gasco;http://api.cne.cl/brands/1720130729122044.jpg;http://api.cne.cl/brands/gasco.svg;http://api.cne.cl/brands/gasco-horizontal.svg;5;kg;11000
gad1312601;GAS DON JORGE;Distribuidora GLP;CARRASCAL 6083;13;Metropolitana de Santiago;13126;Quinta Normal;+56 27739764-27863121;24 Horas;-33,416199105699;-70,713633674869;gasco;http://api.cne.cl/brands/1720130729122044.jpg;http://api.cne.cl/brands/gasco.svg;http://api.cne.cl/brands/gasco-horizontal.svg;11;kg;17400
gad1312601;GAS DON JORGE;Distribuidora GLP;CARRASCAL 6083;13;Metropolitana de Santiago;13126;Quinta Normal;+56 27739764-27863121;24 Horas;-33,416199105699;-70,713633674869;gasco;http://api.cne.cl/brands/1720130729122044.jpg;http://api.cne.cl/brands/gasco.svg;http://api.cne.cl/brands/gasco-horizontal.svg;15;kg;23900
gad1312601;GAS DON JORGE;Distribuidora GLP;CARRASCAL 6083;13;Metropolitana de Santiago;13126;Quinta Normal;+56 27739764-27863121;24 Horas;-33,416199105699;-70,713633674869;gasco;http://api.cne.cl/brands/1720130729122044.jpg;http://api.cne.cl/brands/gasco.svg;http://api.cne.cl/brands/gasco-horizontal.svg;45;kg;71500
gad1312602;GAS DON JORGE;Distribuidora GLP;NEPTUNO 1939;13;Metropolitana de Santiago;13126;Quinta Normal;+56 27739764-27863121;24 Horas;-33,421907;-70,7179718;gasco;http://api.cne.cl/brands/1720130729122044.jpg;http://api.cne.cl/brands/gasco.svg;http://api.cne.cl/brands/gasco-horizontal.svg;5;kg;11000
gad1312602;GAS DON JORGE;Distribuidora GLP;NEPTUNO 1939;13;Metropolitana de Santiago;13126;Quinta Normal;+56 27739764-27863121;24 Horas;-33,421907;-70,7179718;gasco;http://api.cne.cl/brands/1720130729122044.jpg;http://api.cne.cl/brands/gasco.svg;http://api.cne.cl/brands/gasco-horizontal.svg;11;kg;17400
gad1312602;GAS DON JORGE;Distribuidora GLP;NEPTUNO 1939;13;Metropolitana de Santiago;13126;Quinta Normal;+56 27739764-27863121;24 Horas;-33,421907;-70,7179718;gasco;http://api.cne.cl/brands/1720130729122044.jpg;http://api.cne.cl/brands/gasco.svg;http://api.cne.cl/brands/gasco-horizontal.svg;15;kg;23900
gad1312602;GAS DON JORGE;Distribuidora GLP;NEPTUNO 1939;13;Metropolitana de Santiago;13126;Quinta Normal;+56 27739764-27863121;24 Horas;-33,421907;-70,7179718;gasco;http://api.cne.cl/brands/1720130729122044.jpg;http://api.cne.cl/brands/gasco.svg;http://api.cne.cl/brands/gasco-horizontal.svg;45;kg;71500
gad1312603;GAS DON JORGE;Distribuidora GLP;BRISAS DEL RIO 2601;13;Metropolitana de Santiago;13126;Quinta Normal;+56 27739764-27863121;24 Horas;-33,4135905;-70,7164127;gasco;http://api.cne.cl/brands/1720130729122044.jpg;http://api.cne.cl/brands/gasco.svg;http://api.cne.cl/brands/gasco-horizontal.svg;5;kg;11000
gad1312603;GAS DON JORGE;Distribuidora GLP;BRISAS DEL RIO 2601;13;Metropolitana de Santiago;13126;Quinta Normal;+56 27739764-27863121;24 Horas;-33,4135905;-70,7164127;gasco;http://api.cne.cl/brands/1720130729122044.jpg;http://api.cne.cl/brands/gasco.svg;http://api.cne.cl/brands/gasco-horizontal.svg;11;kg;17400
gad1312603;GAS DON JORGE;Distribuidora GLP;BRISAS DEL RIO 2601;13;Metropolitana de Santiago;13126;Quinta Normal;+56 27739764-27863121;24 Horas;-33,4135905;-70,7164127;gasco;http://api.cne.cl/brands/1720130729122044.jpg;http://api.cne.cl/brands/gasco.svg;http://api.cne.cl/brands/gasco-horizontal.svg;15;kg;23900
gad1312603;GAS DON JORGE;Distribuidora GLP;BRISAS DEL RIO 2601;13;Metropolitana de Santiago;13126;Quinta Normal;+56 27739764-27863121;24 Horas;-33,4135905;-70,7164127;gasco;http://api.cne.cl/brands/1720130729122044.jpg;http://api.cne.cl/brands/gasco.svg;http://api.cne.cl/brands/gasco-horizontal.svg;45;kg;71500
abd1312601;GAS DON JORGE;Distribuidora GLP;CARRASCAL 6083;13;Metropolitana de Santiago;13126;Quinta Normal;+56 27739764-27863121;24 Horas;-33,416138657567;-70,713714141139;abastible;http://api.cne.cl/brands/1820130712111413.jpg;http://api.cne.cl/brands/abastible.svg;http://api.cne.cl/brands/abastible-horizontal.svg;5;kg;11000
abd1312601;GAS DON JORGE;Distribuidora GLP;CARRASCAL 6083;13;Metropolitana de Santiago;13126;Quinta Normal;+56 27739764-27863121;24 Horas;-33,416138657567;-70,713714141139;abastible;http://api.cne.cl/brands/1820130712111413.jpg;http://api.cne.cl/brands/abastible.svg;http://api.cne.cl/brands/abastible-horizontal.svg;11;kg;17700
abd1312601;GAS DON JORGE;Distribuidora GLP;CARRASCAL 6083;13;Metropolitana de Santiago;13126;Quinta Normal;+56 27739764-27863121;24 Horas;-33,416138657567;-70,713714141139;abastible;http://api.cne.cl/brands/1820130712111413.jpg;http://api.cne.cl/brands/abastible.svg;http://api.cne.cl/brands/abastible-horizontal.svg;15;kg;24200
abd1312601;GAS DON JORGE;Distribuidora GLP;CARRASCAL 6083;13;Metropolitana de Santiago;13126;Quinta Normal;+56 27739764-27863121;24 Horas;-33,416138657567;-70,713714141139;abastible;http://api.cne.cl/brands/1820130712111413.jpg;http://api.cne.cl/brands/abastible.svg;http://api.cne.cl/brands/abastible-horizontal.svg;45;kg;72500
abd1312602;GAS DON JORGE;Distribuidora GLP;NEPTUNO 1939;13;Metropolitana de Santiago;13126;Quinta Normal;+56 27739764-27863121;24 Horas;-33,421907;-70,7179718;abastible;http://api.cne.cl/brands/1820130712111413.jpg;http://api.cne.cl/brands/abastible.svg;http://api.cne.cl/brands/abastible-horizontal.svg;5;kg;11000
abd1312602;GAS DON JORGE;Distribuidora GLP;NEPTUNO 1939;13;Metropolitana de Santiago;13126;Quinta Normal;+56 27739764-27863121;24 Horas;-33,421907;-70,7179718;abastible;http://api.cne.cl/brands/1820130712111413.jpg;http://api.cne.cl/brands/abastible.svg;http://api.cne.cl/brands/abastible-horizontal.svg;11;kg;17700
abd1312602;GAS DON JORGE;Distribuidora GLP;NEPTUNO 1939;13;Metropolitana de Santiago;13126;Quinta Normal;+56 27739764-27863121;24 Horas;-33,421907;-70,7179718;abastible;http://api.cne.cl/brands/1820130712111413.jpg;http://api.cne.cl/brands/abastible.svg;http://api.cne.cl/brands/abastible-horizontal.svg;15;kg;24200
abd1312602;GAS DON JORGE;Distribuidora GLP;NEPTUNO 1939;13;Metropolitana de Santiago;13126;Quinta Normal;+56 27739764-27863121;24 Horas;-33,421907;-70,7179718;abastible;http://api.cne.cl/brands/1820130712111413.jpg;http://api.cne.cl/brands/abastible.svg;http://api.cne.cl/brands/abastible-horizontal.svg;45;kg;72500
abd1312603;GAS DON JORGE;Distribuidora GLP;BRISAS DEL RIO 2601;13;Metropolitana de Santiago;13126;Quinta Normal;+56 27739764-27863121;24 Horas;-33,4135905;-70,7164127;abastible;http://api.cne.cl/brands/1820130712111413.jpg;http://api.cne.cl/brands/abastible.svg;http://api.cne.cl/brands/abastible-horizontal.svg;5;kg;11000
abd1312603;GAS DON JORGE;Distribuidora GLP;BRISAS DEL RIO 2601;13;Metropolitana de Santiago;13126;Quinta Normal;+56 27739764-27863121;24 Horas;-33,4135905;-70,7164127;abastible;http://api.cne.cl/brands/1820130712111413.jpg;http://api.cne.cl/brands/abastible.svg;http://api.cne.cl/brands/abastible-horizontal.svg;11;kg;17700
abd1312603;GAS DON JORGE;Distribuidora GLP;BRISAS DEL RIO 2601;13;Metropolitana de Santiago;13126;Quinta Normal;+56 27739764-27863121;24 Horas;-33,4135905;-70,7164127;abastible;http://api.cne.cl/brands/1820130712111413.jpg;http://api.cne.cl/brands/abastible.svg;http://api.cne.cl/brands/abastible-horizontal.svg;15;kg;24200
abd1312603;GAS DON JORGE;Distribuidora GLP;BRISAS DEL RIO 2601;13;Metropolitana de Santiago;13126;Quinta Normal;+56 27739764-27863121;24 Horas;-33,4135905;-70,7164127;abastible;http://api.cne.cl/brands/1820130712111413.jpg;http://api.cne.cl/brands/abastible.svg;http://api.cne.cl/brands/abastible-horizontal.svg;45;kg;72500
lid1311301;MG LTDA;Distribuidora GLP;LA FORJA 8570;13;Metropolitana de Santiago;13113;La Reina;+56 28626000;24 Horas;-33,4542824;-70,5436609;lipigas;http://api.cne.cl/brands/1720130729122214.jpg;http://api.cne.cl/brands/lipigas.svg;http://api.cne.cl/brands/lipigas-horizontal.svg;5;kg;11800
lid1311301;MG LTDA;Distribuidora GLP;LA FORJA 8570;13;Metropolitana de Santiago;13113;La Reina;+56 28626000;24 Horas;-33,4542824;-70,5436609;lipigas;http://api.cne.cl/brands/1720130729122214.jpg;http://api.cne.cl/brands/lipigas.svg;http://api.cne.cl/brands/lipigas-horizontal.svg;11;kg;20600
lid1311301;MG LTDA;Distribuidora GLP;LA FORJA 8570;13;Metropolitana de Santiago;13113;La Reina;+56 28626000;24 Horas;-33,4542824;-70,5436609;lipigas;http://api.cne.cl/brands/1720130729122214.jpg;http://api.cne.cl/brands/lipigas.svg;http://api.cne.cl/brands/lipigas-horizontal.svg;15;kg;26100
lid1311301;MG LTDA;Distribuidora GLP;LA FORJA 8570;13;Metropolitana de Santiago;13113;La Reina;+56 28626000;24 Horas;-33,4542824;-70,5436609;lipigas;http://api.cne.cl/brands/1720130729122214.jpg;http://api.cne.cl/brands/lipigas.svg;http://api.cne.cl/brands/lipigas-horizontal.svg;45;kg;71550
abd550101;Abastible Quillota;Distribuidora GLP;Arauco 1084;05;Valparaíso;05501;Quillota;+56 33-2267601;09:00 20:00;0;0;abastible;http://api.cne.cl/brands/1820130712111413.jpg;http://api.cne.cl/brands/abastible.svg;http://api.cne.cl/brands/abastible-horizontal.svg;5;kg;13900
abd550101;Abastible Quillota;Distribuidora GLP;Arauco 1084;05;Valparaíso;05501;Quillota;+56 33-2267601;09:00 20:00;0;0;abastible;http://api.cne.cl/brands/1820130712111413.jpg;http://api.cne.cl/brands/abastible.svg;http://api.cne.cl/brands/abastible-horizontal.svg;11;kg;21550
abd550101;Abastible Quillota;Distribuidora GLP;Arauco 1084;05;Valparaíso;05501;Quillota;+56 33-2267601;09:00 20:00;0;0;abastible;http://api.cne.cl/brands/1820130712111413.jpg;http://api.cne.cl/brands/abastible.svg;http://api.cne.cl/brands/abastible-horizontal.svg;15;kg;26000
abd550101;Abastible Quillota;Distribuidora GLP;Arauco 1084;05;Valparaíso;05501;Quillota;+56 33-2267601;09:00 20:00;0;0;abastible;http://api.cne.cl/brands/1820130712111413.jpg;http://api.cne.cl/brands/abastible.svg;http://api.cne.cl/brands/abastible-horizontal.svg;45;kg;94200
gad1310101;EL MEXICANO;Distribuidora GLP;BIO BIO 487;13;Metropolitana de Santiago;13101;Santiago Centro;+56 25566228;24 Horas;-33,4732127;-70,6349506;gasco;http://api.cne.cl/brands/1720130729122044.jpg;http://api.cne.cl/brands/gasco.svg;http://api.cne.cl/brands/gasco-horizontal.svg;2;kg;5200
gad1310101;EL MEXICANO;Distribuidora GLP;BIO BIO 487;13;Metropolitana de Santiago;13101;Santiago Centro;+56 25566228;24 Horas;-33,4732127;-70,6349506;gasco;http://api.cne.cl/brands/1720130729122044.jpg;http://api.cne.cl/brands/gasco.svg;http://api.cne.cl/brands/gasco-horizontal.svg;5;kg;11600
gad1310101;EL MEXICANO;Distribuidora GLP;BIO BIO 487;13;Metropolitana de Santiago;13101;Santiago Centro;+56 25566228;24 Horas;-33,4732127;-70,6349506;gasco;http://api.cne.cl/brands/1720130729122044.jpg;http://api.cne.cl/brands/gasco.svg;http://api.cne.cl/brands/gasco-horizontal.svg;11;kg;19900
gad1310101;EL MEXICANO;Distribuidora GLP;BIO BIO 487;13;Metropolitana de Santiago;13101;Santiago Centro;+56 25566228;24 Horas;-33,4732127;-70,6349506;gasco;http://api.cne.cl/brands/1720130729122044.jpg;http://api.cne.cl/brands/gasco.svg;http://api.cne.cl/brands/gasco-horizontal.svg;15;kg;25650
gad1310101;EL MEXICANO;Distribuidora GLP;BIO BIO 487;13;Metropolitana de Santiago;13101;Santiago Centro;+56 25566228;24 Horas;-33,4732127;-70,6349506;gasco;http://api.cne.cl/brands/1720130729122044.jpg;http://api.cne.cl/brands/gasco.svg;http://api.cne.cl/brands/gasco-horizontal.svg;45;kg;77900
gad1311101;Gas la Granja;Distribuidora GLP;BAQUEDANO Nº 099;13;Metropolitana de Santiago;13111;La Granja;+56 225416647-225415904;9,00 a 19,00 hrs. DE LUNES A SABADO;-33,5485391;-70,6322958;gasco;http://api.cne.cl/brands/1720130729122044.jpg;http://api.cne.cl/brands/gasco.svg;http://api.cne.cl/brands/gasco-horizontal.svg;5;kg;12250
gad1311101;Gas la Granja;Distribuidora GLP;BAQUEDANO Nº 099;13;Metropolitana de Santiago;13111;La Granja;+56 225416647-225415904;9,00 a 19,00 hrs. DE LUNES A SABADO;-33,5485391;-70,6322958;gasco;http://api.cne.cl/brands/1720130729122044.jpg;http://api.cne.cl/brands/gasco.svg;http://api.cne.cl/brands/gasco-horizontal.svg;11;kg;18000
gad1311101;Gas la Granja;Distribuidora GLP;BAQUEDANO Nº 099;13;Metropolitana de Santiago;13111;La Granja;+56 225416647-225415904;9,00 a 19,00 hrs. DE LUNES A SABADO;-33,5485391;-70,6322958;gasco;http://api.cne.cl/brands/1720130729122044.jpg;http://api.cne.cl/brands/gasco.svg;http://api.cne.cl/brands/gasco-horizontal.svg;15;kg;25000
gad1311101;Gas la Granja;Distribuidora GLP;BAQUEDANO Nº 099;13;Metropolitana de Santiago;13111;La Granja;+56 225416647-225415904;9,00 a 19,00 hrs. DE LUNES A SABADO;-33,5485391;-70,6322958;gasco;http://api.cne.cl/brands/1720130729122044.jpg;http://api.cne.cl/brands/gasco.svg;http://api.cne.cl/brands/gasco-horizontal.svg;45;kg;75700
gad1310102;Margarita Muñoz Bastias;Distribuidora GLP;VENTURA LAVALLE 304-B;13;Metropolitana de Santiago;13101;Santiago Centro;+56 25121882;24 Horas;-33,4742871;-70,6420055;gasco;http://api.cne.cl/brands/1720130729122044.jpg;http://api.cne.cl/brands/gasco.svg;http://api.cne.cl/brands/gasco-horizontal.svg;2;kg;4500
gad1310102;Margarita Muñoz Bastias;Distribuidora GLP;VENTURA LAVALLE 304-B;13;Metropolitana de Santiago;13101;Santiago Centro;+56 25121882;24 Horas;-33,4742871;-70,6420055;gasco;http://api.cne.cl/brands/1720130729122044.jpg;http://api.cne.cl/brands/gasco.svg;http://api.cne.cl/brands/gasco-horizontal.svg;5;kg;9150
gad1310102;Margarita Muñoz Bastias;Distribuidora GLP;VENTURA LAVALLE 304-B;13;Metropolitana de Santiago;13101;Santiago Centro;+56 25121882;24 Horas;-33,4742871;-70,6420055;gasco;http://api.cne.cl/brands/1720130729122044.jpg;http://api.cne.cl/brands/gasco.svg;http://api.cne.cl/brands/gasco-horizontal.svg;11;kg;15700
gad1310102;Margarita Muñoz Bastias;Distribuidora GLP;VENTURA LAVALLE 304-B;13;Metropolitana de Santiago;13101;Santiago Centro;+56 25121882;24 Horas;-33,4742871;-70,6420055;gasco;http://api.cne.cl/brands/1720130729122044.jpg;http://api.cne.cl/brands/gasco.svg;http://api.cne.cl/brands/gasco-horizontal.svg;15;kg;20650
gad1310102;Margarita Muñoz Bastias;Distribuidora GLP;VENTURA LAVALLE 304-B;13;Metropolitana de Santiago;13101;Santiago Centro;+56 25121882;24 Horas;-33,4742871;-70,6420055;gasco;http://api.cne.cl/brands/1720130729122044.jpg;http://api.cne.cl/brands/gasco.svg;http://api.cne.cl/brands/gasco-horizontal.svg;45;kg;64050
lid1020101;Lipigas castro;Distribuidora GLP;Panamericana norte km. 4,5;10;De los Lagos;10201;Castro;+56 65 - 2638090;00 a 00;-42,482323850424;-73,764559767212;lipigas;http://api.cne.cl/brands/1720130729122214.jpg;http://api.cne.cl/brands/lipigas.svg;http://api.cne.cl/brands/lipigas-horizontal.svg;5;kg;12600
lid1020101;Lipigas castro;Distribuidora GLP;Panamericana norte km. 4,5;10;De los Lagos;10201;Castro;+56 65 - 2638090;00 a 00;-42,482323850424;-73,764559767212;lipigas;http://api.cne.cl/brands/1720130729122214.jpg;http://api.cne.cl/brands/lipigas.svg;http://api.cne.cl/brands/lipigas-horizontal.svg;11;kg;23700
lid1020101;Lipigas castro;Distribuidora GLP;Panamericana norte km. 4,5;10;De los Lagos;10201;Castro;+56 65 - 2638090;00 a 00;-42,482323850424;-73,764559767212;lipigas;http://api.cne.cl/brands/1720130729122214.jpg;http://api.cne.cl/brands/lipigas.svg;http://api.cne.cl/brands/lipigas-horizontal.svg;15;kg;30000
lid1020101;Lipigas castro;Distribuidora GLP;Panamericana norte km. 4,5;10;De los Lagos;10201;Castro;+56 65 - 2638090;00 a 00;-42,482323850424;-73,764559767212;lipigas;http://api.cne.cl/brands/1720130729122214.jpg;http://api.cne.cl/brands/lipigas.svg;http://api.cne.cl/brands/lipigas-horizontal.svg;45;kg;87100
abd710901;Distribuidora Fénix;Distribuidora GLP;Huamachuco 310, Camino Internacional Sector el Alba;07;Del Maule;07109;San Clemente;+56 (75) 2622547;8:30 - 19:30;-35,529273708614;-71,479414640137;abastible;http://api.cne.cl/brands/1820130712111413.jpg;http://api.cne.cl/brands/abastible.svg;http://api.cne.cl/brands/abastible-horizontal.svg;5;kg;11500
abd710901;Distribuidora Fénix;Distribuidora GLP;Huamachuco 310, Camino Internacional Sector el Alba;07;Del Maule;07109;San Clemente;+56 (75) 2622547;8:30 - 19:30;-35,529273708614;-71,479414640137;abastible;http://api.cne.cl/brands/1820130712111413.jpg;http://api.cne.cl/brands/abastible.svg;http://api.cne.cl/brands/abastible-horizontal.svg;11;kg;22000
abd710901;Distribuidora Fénix;Distribuidora GLP;Huamachuco 310, Camino Internacional Sector el Alba;07;Del Maule;07109;San Clemente;+56 (75) 2622547;8:30 - 19:30;-35,529273708614;-71,479414640137;abastible;http://api.cne.cl/brands/1820130712111413.jpg;http://api.cne.cl/brands/abastible.svg;http://api.cne.cl/brands/abastible-horizontal.svg;15;kg;26000
abd710901;Distribuidora Fénix;Distribuidora GLP;Huamachuco 310, Camino Internacional Sector el Alba;07;Del Maule;07109;San Clemente;+56 (75) 2622547;8:30 - 19:30;-35,529273708614;-71,479414640137;abastible;http://api.cne.cl/brands/1820130712111413.jpg;http://api.cne.cl/brands/abastible.svg;http://api.cne.cl/brands/abastible-horizontal.svg;45;kg;85000
lid1311801;GASQUILIN;Distribuidora GLP;QUILIN 4184;13;Metropolitana de Santiago;13118;Macul;+56 222210005 / 222210501;lunes a viernes 8.30 a 19.30 hrs.  sabado 9.30 a 19.300 hrs. domingo y festivos 10.00 a  14.30 hrs.;-33,4863368;-70,5894771;abastible;http://api.cne.cl/brands/1820130712111413.jpg;http://api.cne.cl/brands/abastible.svg;http://api.cne.cl/brands/abastible-horizontal.svg;5;kg;10500
lid1311801;GASQUILIN;Distribuidora GLP;QUILIN 4184;13;Metropolitana de Santiago;13118;Macul;+56 222210005 / 222210501;lunes a viernes 8.30 a 19.30 hrs.  sabado 9.30 a 19.300 hrs. domingo y festivos 10.00 a  14.30 hrs.;-33,4863368;-70,5894771;abastible;http://api.cne.cl/brands/1820130712111413.jpg;http://api.cne.cl/brands/abastible.svg;http://api.cne.cl/brands/abastible-horizontal.svg;11;kg;18950
lid1311801;GASQUILIN;Distribuidora GLP;QUILIN 4184;13;Metropolitana de Santiago;13118;Macul;+56 222210005 / 222210501;lunes a viernes 8.30 a 19.30 hrs.  sabado 9.30 a 19.300 hrs. domingo y festivos 10.00 a  14.30 hrs.;-33,4863368;-70,5894771;abastible;http://api.cne.cl/brands/1820130712111413.jpg;http://api.cne.cl/brands/abastible.svg;http://api.cne.cl/brands/abastible-horizontal.svg;15;kg;24950
lid1311801;GASQUILIN;Distribuidora GLP;QUILIN 4184;13;Metropolitana de Santiago;13118;Macul;+56 222210005 / 222210501;lunes a viernes 8.30 a 19.30 hrs.  sabado 9.30 a 19.300 hrs. domingo y festivos 10.00 a  14.30 hrs.;-33,4863368;-70,5894771;abastible;http://api.cne.cl/brands/1820130712111413.jpg;http://api.cne.cl/brands/abastible.svg;http://api.cne.cl/brands/abastible-horizontal.svg;45;kg;76050
abd740101;ABASTIBLE;Distribuidora GLP;AVENIDA ANIBAL LEON BUSTOS 1319;07;Del Maule;07401;Linares;+56 2221000;8:00 hasta 21:00;-35,8417602;-71,6184888;abastible;http://api.cne.cl/brands/1820130712111413.jpg;http://api.cne.cl/brands/abastible.svg;http://api.cne.cl/brands/abastible-horizontal.svg;5;kg;13
abd740101;ABASTIBLE;Distribuidora GLP;AVENIDA ANIBAL LEON BUSTOS 1319;07;Del Maule;07401;Linares;+56 2221000;8:00 hasta 21:00;-35,8417602;-71,6184888;abastible;http://api.cne.cl/brands/1820130712111413.jpg;http://api.cne.cl/brands/abastible.svg;http://api.cne.cl/brands/abastible-horizontal.svg;11;kg;24
abd740101;ABASTIBLE;Distribuidora GLP;AVENIDA ANIBAL LEON BUSTOS 1319;07;Del Maule;07401;Linares;+56 2221000;8:00 hasta 21:00;-35,8417602;-71,6184888;abastible;http://api.cne.cl/brands/1820130712111413.jpg;http://api.cne.cl/brands/abastible.svg;http://api.cne.cl/brands/abastible-horizontal.svg;15;kg;27
abd740101;ABASTIBLE;Distribuidora GLP;AVENIDA ANIBAL LEON BUSTOS 1319;07;Del Maule;07401;Linares;+56 2221000;8:00 hasta 21:00;-35,8417602;-71,6184888;abastible;http://api.cne.cl/brands/1820130712111413.jpg;http://api.cne.cl/brands/abastible.svg;http://api.cne.cl/brands/abastible-horizontal.svg;45;kg;89
lid1312001;GAS HAMBURGO;Distribuidora GLP;Av. Hamburgo 160 ;13;Metropolitana de Santiago;13120;Ñuñoa;+56 223641861--222776732;10:00-19:00;-33,452593498359;-70,576346122015;gasco;http://api.cne.cl/brands/1720130729122044.jpg;http://api.cne.cl/brands/gasco.svg;http://api.cne.cl/brands/gasco-horizontal.svg;5;kg;10850
lid1312001;GAS HAMBURGO;Distribuidora GLP;Av. Hamburgo 160 ;13;Metropolitana de Santiago;13120;Ñuñoa;+56 223641861--222776732;10:00-19:00;-33,452593498359;-70,576346122015;gasco;http://api.cne.cl/brands/1720130729122044.jpg;http://api.cne.cl/brands/gasco.svg;http://api.cne.cl/brands/gasco-horizontal.svg;11;kg;17450
lid1312001;GAS HAMBURGO;Distribuidora GLP;Av. Hamburgo 160 ;13;Metropolitana de Santiago;13120;Ñuñoa;+56 223641861--222776732;10:00-19:00;-33,452593498359;-70,576346122015;gasco;http://api.cne.cl/brands/1720130729122044.jpg;http://api.cne.cl/brands/gasco.svg;http://api.cne.cl/brands/gasco-horizontal.svg;15;kg;24500
lid1312001;GAS HAMBURGO;Distribuidora GLP;Av. Hamburgo 160 ;13;Metropolitana de Santiago;13120;Ñuñoa;+56 223641861--222776732;10:00-19:00;-33,452593498359;-70,576346122015;gasco;http://api.cne.cl/brands/1720130729122044.jpg;http://api.cne.cl/brands/gasco.svg;http://api.cne.cl/brands/gasco-horizontal.svg;45;kg;76660
abd710102;FONO GAS ABASTIBLE;Distribuidora GLP;14 ORIENTE Nº 31;07;Del Maule;07101;Talca;+56 (071) 2264936 / (071) 2246562;24 Horas;-35,448241;-71,6356257;abastible;http://api.cne.cl/brands/1820130712111413.jpg;http://api.cne.cl/brands/abastible.svg;http://api.cne.cl/brands/abastible-horizontal.svg;5;kg;11200
abd710102;FONO GAS ABASTIBLE;Distribuidora GLP;14 ORIENTE Nº 31;07;Del Maule;07101;Talca;+56 (071) 2264936 / (071) 2246562;24 Horas;-35,448241;-71,6356257;abastible;http://api.cne.cl/brands/1820130712111413.jpg;http://api.cne.cl/brands/abastible.svg;http://api.cne.cl/brands/abastible-horizontal.svg;11;kg;20700
abd710102;FONO GAS ABASTIBLE;Distribuidora GLP;14 ORIENTE Nº 31;07;Del Maule;07101;Talca;+56 (071) 2264936 / (071) 2246562;24 Horas;-35,448241;-71,6356257;abastible;http://api.cne.cl/brands/1820130712111413.jpg;http://api.cne.cl/brands/abastible.svg;http://api.cne.cl/brands/abastible-horizontal.svg;15;kg;23000
abd710102;FONO GAS ABASTIBLE;Distribuidora GLP;14 ORIENTE Nº 31;07;Del Maule;07101;Talca;+56 (071) 2264936 / (071) 2246562;24 Horas;-35,448241;-71,6356257;abastible;http://api.cne.cl/brands/1820130712111413.jpg;http://api.cne.cl/brands/abastible.svg;http://api.cne.cl/brands/abastible-horizontal.svg;45;kg;82550
abd1020101;Comercial Comjenar;Distribuidora GLP;Freire N° 549;10;De los Lagos;10201;Castro;+56 2534500 - 2534501;24 Horas;-42,4798948;-73,7684831;abastible;http://api.cne.cl/brands/1820130712111413.jpg;http://api.cne.cl/brands/abastible.svg;http://api.cne.cl/brands/abastible-horizontal.svg;5;kg;14300
abd1020101;Comercial Comjenar;Distribuidora GLP;Freire N° 549;10;De los Lagos;10201;Castro;+56 2534500 - 2534501;24 Horas;-42,4798948;-73,7684831;abastible;http://api.cne.cl/brands/1820130712111413.jpg;http://api.cne.cl/brands/abastible.svg;http://api.cne.cl/brands/abastible-horizontal.svg;11;kg;27500
abd1020101;Comercial Comjenar;Distribuidora GLP;Freire N° 549;10;De los Lagos;10201;Castro;+56 2534500 - 2534501;24 Horas;-42,4798948;-73,7684831;abastible;http://api.cne.cl/brands/1820130712111413.jpg;http://api.cne.cl/brands/abastible.svg;http://api.cne.cl/brands/abastible-horizontal.svg;15;kg;36000
abd1020101;Comercial Comjenar;Distribuidora GLP;Freire N° 549;10;De los Lagos;10201;Castro;+56 2534500 - 2534501;24 Horas;-42,4798948;-73,7684831;abastible;http://api.cne.cl/brands/1820130712111413.jpg;http://api.cne.cl/brands/abastible.svg;http://api.cne.cl/brands/abastible-horizontal.svg;45;kg;101800
lid110101;Ignacio Segundo Videla Peñaloza;Distribuidora GLP;Bernardino Guerra N°2357;01;Tarapacá;01101;Iquique;+56 (57-2) 481974;08:00 am hasta las 17:00 pm un turno cubre hasta las 21:00 hrs.;-20,2295416;-70,1355476;lipigas;http://api.cne.cl/brands/1720130729122214.jpg;http://api.cne.cl/brands/lipigas.svg;http://api.cne.cl/brands/lipigas-horizontal.svg;5;kg;12300
lid110101;Ignacio Segundo Videla Peñaloza;Distribuidora GLP;Bernardino Guerra N°2357;01;Tarapacá;01101;Iquique;+56 (57-2) 481974;08:00 am hasta las 17:00 pm un turno cubre hasta las 21:00 hrs.;-20,2295416;-70,1355476;lipigas;http://api.cne.cl/brands/1720130729122214.jpg;http://api.cne.cl/brands/lipigas.svg;http://api.cne.cl/brands/lipigas-horizontal.svg;11;kg;19350
lid110101;Ignacio Segundo Videla Peñaloza;Distribuidora GLP;Bernardino Guerra N°2357;01;Tarapacá;01101;Iquique;+56 (57-2) 481974;08:00 am hasta las 17:00 pm un turno cubre hasta las 21:00 hrs.;-20,2295416;-70,1355476;lipigas;http://api.cne.cl/brands/1720130729122214.jpg;http://api.cne.cl/brands/lipigas.svg;http://api.cne.cl/brands/lipigas-horizontal.svg;15;kg;26090
lid110101;Ignacio Segundo Videla Peñaloza;Distribuidora GLP;Bernardino Guerra N°2357;01;Tarapacá;01101;Iquique;+56 (57-2) 481974;08:00 am hasta las 17:00 pm un turno cubre hasta las 21:00 hrs.;-20,2295416;-70,1355476;lipigas;http://api.cne.cl/brands/1720130729122214.jpg;http://api.cne.cl/brands/lipigas.svg;http://api.cne.cl/brands/lipigas-horizontal.svg;45;kg;99550
abd510102;NGAS;Distribuidora GLP;Roberto Foster 8, Cerro Placeres;05;Valparaíso;05101;Valparaíso;+56 032-2615536;24 Horas;-33,042159;-71,582872;lipigas;http://api.cne.cl/brands/1720130729122214.jpg;http://api.cne.cl/brands/lipigas.svg;http://api.cne.cl/brands/lipigas-horizontal.svg;5;kg;13550
abd510102;NGAS;Distribuidora GLP;Roberto Foster 8, Cerro Placeres;05;Valparaíso;05101;Valparaíso;+56 032-2615536;24 Horas;-33,042159;-71,582872;lipigas;http://api.cne.cl/brands/1720130729122214.jpg;http://api.cne.cl/brands/lipigas.svg;http://api.cne.cl/brands/lipigas-horizontal.svg;11;kg;21400
abd510102;NGAS;Distribuidora GLP;Roberto Foster 8, Cerro Placeres;05;Valparaíso;05101;Valparaíso;+56 032-2615536;24 Horas;-33,042159;-71,582872;lipigas;http://api.cne.cl/brands/1720130729122214.jpg;http://api.cne.cl/brands/lipigas.svg;http://api.cne.cl/brands/lipigas-horizontal.svg;15;kg;22750
abd510102;NGAS;Distribuidora GLP;Roberto Foster 8, Cerro Placeres;05;Valparaíso;05101;Valparaíso;+56 032-2615536;24 Horas;-33,042159;-71,582872;lipigas;http://api.cne.cl/brands/1720130729122214.jpg;http://api.cne.cl/brands/lipigas.svg;http://api.cne.cl/brands/lipigas-horizontal.svg;45;kg;84450
abd550701;NGAS;Distribuidora GLP;Avda. Granizo esquina Pagliati;05;Valparaíso;05803;Olmué;+56 033-2442873;24 Horas;-32,998139;-71,189278;lipigas;http://api.cne.cl/brands/1720130729122214.jpg;http://api.cne.cl/brands/lipigas.svg;http://api.cne.cl/brands/lipigas-horizontal.svg;5;kg;14200
abd550701;NGAS;Distribuidora GLP;Avda. Granizo esquina Pagliati;05;Valparaíso;05803;Olmué;+56 033-2442873;24 Horas;-32,998139;-71,189278;lipigas;http://api.cne.cl/brands/1720130729122214.jpg;http://api.cne.cl/brands/lipigas.svg;http://api.cne.cl/brands/lipigas-horizontal.svg;11;kg;19550
abd550701;NGAS;Distribuidora GLP;Avda. Granizo esquina Pagliati;05;Valparaíso;05803;Olmué;+56 033-2442873;24 Horas;-32,998139;-71,189278;lipigas;http://api.cne.cl/brands/1720130729122214.jpg;http://api.cne.cl/brands/lipigas.svg;http://api.cne.cl/brands/lipigas-horizontal.svg;15;kg;21600
abd550701;NGAS;Distribuidora GLP;Avda. Granizo esquina Pagliati;05;Valparaíso;05803;Olmué;+56 033-2442873;24 Horas;-32,998139;-71,189278;lipigas;http://api.cne.cl/brands/1720130729122214.jpg;http://api.cne.cl/brands/lipigas.svg;http://api.cne.cl/brands/lipigas-horizontal.svg;45;kg;86600
abd1330101;Comercial Rio Puelo limitada;Distribuidora GLP;Carretera Gral San Martin 401;13;Metropolitana de Santiago;13301;Colina;+56 (02) 28441334;24 Horas;-33,19610097133;-70,668794148132;abastible;http://api.cne.cl/brands/1820130712111413.jpg;http://api.cne.cl/brands/abastible.svg;http://api.cne.cl/brands/abastible-horizontal.svg;5;kg;11750
abd1330101;Comercial Rio Puelo limitada;Distribuidora GLP;Carretera Gral San Martin 401;13;Metropolitana de Santiago;13301;Colina;+56 (02) 28441334;24 Horas;-33,19610097133;-70,668794148132;abastible;http://api.cne.cl/brands/1820130712111413.jpg;http://api.cne.cl/brands/abastible.svg;http://api.cne.cl/brands/abastible-horizontal.svg;11;kg;18500
abd1330101;Comercial Rio Puelo limitada;Distribuidora GLP;Carretera Gral San Martin 401;13;Metropolitana de Santiago;13301;Colina;+56 (02) 28441334;24 Horas;-33,19610097133;-70,668794148132;abastible;http://api.cne.cl/brands/1820130712111413.jpg;http://api.cne.cl/brands/abastible.svg;http://api.cne.cl/brands/abastible-horizontal.svg;15;kg;25350
abd1330101;Comercial Rio Puelo limitada;Distribuidora GLP;Carretera Gral San Martin 401;13;Metropolitana de Santiago;13301;Colina;+56 (02) 28441334;24 Horas;-33,19610097133;-70,668794148132;abastible;http://api.cne.cl/brands/1820130712111413.jpg;http://api.cne.cl/brands/abastible.svg;http://api.cne.cl/brands/abastible-horizontal.svg;45;kg;76100
abd510602;N-GAS;Distribuidora GLP;LAS MARGARITAS 1945;05;Valparaíso;05801;Quilpué;+56 032-2827038;24 Horas;-33,0616975;-71,4229525;lipigas;http://api.cne.cl/brands/1720130729122214.jpg;http://api.cne.cl/brands/lipigas.svg;http://api.cne.cl/brands/lipigas-horizontal.svg;5;kg;13250
abd510602;N-GAS;Distribuidora GLP;LAS MARGARITAS 1945;05;Valparaíso;05801;Quilpué;+56 032-2827038;24 Horas;-33,0616975;-71,4229525;lipigas;http://api.cne.cl/brands/1720130729122214.jpg;http://api.cne.cl/brands/lipigas.svg;http://api.cne.cl/brands/lipigas-horizontal.svg;11;kg;19450
abd510602;N-GAS;Distribuidora GLP;LAS MARGARITAS 1945;05;Valparaíso;05801;Quilpué;+56 032-2827038;24 Horas;-33,0616975;-71,4229525;lipigas;http://api.cne.cl/brands/1720130729122214.jpg;http://api.cne.cl/brands/lipigas.svg;http://api.cne.cl/brands/lipigas-horizontal.svg;15;kg;21400
abd510602;N-GAS;Distribuidora GLP;LAS MARGARITAS 1945;05;Valparaíso;05801;Quilpué;+56 032-2827038;24 Horas;-33,0616975;-71,4229525;lipigas;http://api.cne.cl/brands/1720130729122214.jpg;http://api.cne.cl/brands/lipigas.svg;http://api.cne.cl/brands/lipigas-horizontal.svg;45;kg;80200
abd560104;Abastible Los Aromos;Distribuidora GLP;AVENIDA CIRCUNVALACION LOS AROMOS 1935;05;Valparaíso;05601;San Antonio;+56 35-2286250 - 89332415;Desde 09:00hrs. a 21:00hrs.;-33,6165805;-71,5991972;abastible;http://api.cne.cl/brands/1820130712111413.jpg;http://api.cne.cl/brands/abastible.svg;http://api.cne.cl/brands/abastible-horizontal.svg;5;kg;12600
abd560104;Abastible Los Aromos;Distribuidora GLP;AVENIDA CIRCUNVALACION LOS AROMOS 1935;05;Valparaíso;05601;San Antonio;+56 35-2286250 - 89332415;Desde 09:00hrs. a 21:00hrs.;-33,6165805;-71,5991972;abastible;http://api.cne.cl/brands/1820130712111413.jpg;http://api.cne.cl/brands/abastible.svg;http://api.cne.cl/brands/abastible-horizontal.svg;11;kg;18700
abd560104;Abastible Los Aromos;Distribuidora GLP;AVENIDA CIRCUNVALACION LOS AROMOS 1935;05;Valparaíso;05601;San Antonio;+56 35-2286250 - 89332415;Desde 09:00hrs. a 21:00hrs.;-33,6165805;-71,5991972;abastible;http://api.cne.cl/brands/1820130712111413.jpg;http://api.cne.cl/brands/abastible.svg;http://api.cne.cl/brands/abastible-horizontal.svg;15;kg;24200
abd560104;Abastible Los Aromos;Distribuidora GLP;AVENIDA CIRCUNVALACION LOS AROMOS 1935;05;Valparaíso;05601;San Antonio;+56 35-2286250 - 89332415;Desde 09:00hrs. a 21:00hrs.;-33,6165805;-71,5991972;abastible;http://api.cne.cl/brands/1820130712111413.jpg;http://api.cne.cl/brands/abastible.svg;http://api.cne.cl/brands/abastible-horizontal.svg;45;kg;85400
abd510902;SANTIGAS;Distribuidora GLP;LAS MAGNOLIAS 223;05;Valparaíso;05109;Viña del Mar;+56 032-2862556;9:00 hasta 8:30;0;0;abastible;http://api.cne.cl/brands/1820130712111413.jpg;http://api.cne.cl/brands/abastible.svg;http://api.cne.cl/brands/abastible-horizontal.svg;5;kg;12800
abd510902;SANTIGAS;Distribuidora GLP;LAS MAGNOLIAS 223;05;Valparaíso;05109;Viña del Mar;+56 032-2862556;9:00 hasta 8:30;0;0;abastible;http://api.cne.cl/brands/1820130712111413.jpg;http://api.cne.cl/brands/abastible.svg;http://api.cne.cl/brands/abastible-horizontal.svg;11;kg;20900
abd510902;SANTIGAS;Distribuidora GLP;LAS MAGNOLIAS 223;05;Valparaíso;05109;Viña del Mar;+56 032-2862556;9:00 hasta 8:30;0;0;abastible;http://api.cne.cl/brands/1820130712111413.jpg;http://api.cne.cl/brands/abastible.svg;http://api.cne.cl/brands/abastible-horizontal.svg;15;kg;24700
abd510902;SANTIGAS;Distribuidora GLP;LAS MAGNOLIAS 223;05;Valparaíso;05109;Viña del Mar;+56 032-2862556;9:00 hasta 8:30;0;0;abastible;http://api.cne.cl/brands/1820130712111413.jpg;http://api.cne.cl/brands/abastible.svg;http://api.cne.cl/brands/abastible-horizontal.svg;45;kg;89250
abd1360501;Comercializadora y Distribuidora de Gas LTDA.;Distribuidora GLP;Basterrica 35-B;13;Metropolitana de Santiago;13605;Peñaflor;+56 (02) 28120006;24 Horas;-33,609722164344;-70,900530750262;abastible;http://api.cne.cl/brands/1820130712111413.jpg;http://api.cne.cl/brands/abastible.svg;http://api.cne.cl/brands/abastible-horizontal.svg;2;kg;5500
abd1360501;Comercializadora y Distribuidora de Gas LTDA.;Distribuidora GLP;Basterrica 35-B;13;Metropolitana de Santiago;13605;Peñaflor;+56 (02) 28120006;24 Horas;-33,609722164344;-70,900530750262;abastible;http://api.cne.cl/brands/1820130712111413.jpg;http://api.cne.cl/brands/abastible.svg;http://api.cne.cl/brands/abastible-horizontal.svg;5;kg;11900
abd1360501;Comercializadora y Distribuidora de Gas LTDA.;Distribuidora GLP;Basterrica 35-B;13;Metropolitana de Santiago;13605;Peñaflor;+56 (02) 28120006;24 Horas;-33,609722164344;-70,900530750262;abastible;http://api.cne.cl/brands/1820130712111413.jpg;http://api.cne.cl/brands/abastible.svg;http://api.cne.cl/brands/abastible-horizontal.svg;11;kg;18700
abd1360501;Comercializadora y Distribuidora de Gas LTDA.;Distribuidora GLP;Basterrica 35-B;13;Metropolitana de Santiago;13605;Peñaflor;+56 (02) 28120006;24 Horas;-33,609722164344;-70,900530750262;abastible;http://api.cne.cl/brands/1820130712111413.jpg;http://api.cne.cl/brands/abastible.svg;http://api.cne.cl/brands/abastible-horizontal.svg;15;kg;24500
abd1360501;Comercializadora y Distribuidora de Gas LTDA.;Distribuidora GLP;Basterrica 35-B;13;Metropolitana de Santiago;13605;Peñaflor;+56 (02) 28120006;24 Horas;-33,609722164344;-70,900530750262;abastible;http://api.cne.cl/brands/1820130712111413.jpg;http://api.cne.cl/brands/abastible.svg;http://api.cne.cl/brands/abastible-horizontal.svg;45;kg;72000
lid1020201;GIYAS E.I.R.L;Distribuidora GLP;Arturo Prat 457;10;De los Lagos;10202;Ancud;+56 065-2622548;24 Horas;-41,8673984;-73,8232869;lipigas;http://api.cne.cl/brands/1720130729122214.jpg;http://api.cne.cl/brands/lipigas.svg;http://api.cne.cl/brands/lipigas-horizontal.svg;5;kg;12800
lid1020201;GIYAS E.I.R.L;Distribuidora GLP;Arturo Prat 457;10;De los Lagos;10202;Ancud;+56 065-2622548;24 Horas;-41,8673984;-73,8232869;lipigas;http://api.cne.cl/brands/1720130729122214.jpg;http://api.cne.cl/brands/lipigas.svg;http://api.cne.cl/brands/lipigas-horizontal.svg;11;kg;24800
lid1020201;GIYAS E.I.R.L;Distribuidora GLP;Arturo Prat 457;10;De los Lagos;10202;Ancud;+56 065-2622548;24 Horas;-41,8673984;-73,8232869;lipigas;http://api.cne.cl/brands/1720130729122214.jpg;http://api.cne.cl/brands/lipigas.svg;http://api.cne.cl/brands/lipigas-horizontal.svg;15;kg;31500
lid1020201;GIYAS E.I.R.L;Distribuidora GLP;Arturo Prat 457;10;De los Lagos;10202;Ancud;+56 065-2622548;24 Horas;-41,8673984;-73,8232869;lipigas;http://api.cne.cl/brands/1720130729122214.jpg;http://api.cne.cl/brands/lipigas.svg;http://api.cne.cl/brands/lipigas-horizontal.svg;45;kg;87800
abd1360502;GAS LA COPA;Distribuidora GLP;Malloquito N° 2760;13;Metropolitana de Santiago;13605;Peñaflor;+56 (02) 28120584;de 09,00 a 20,00 hrs domingos y festivos de 09,00 a 13,00 hrs;-33,603230575915;-70,884685375671;abastible;http://api.cne.cl/brands/1820130712111413.jpg;http://api.cne.cl/brands/abastible.svg;http://api.cne.cl/brands/abastible-horizontal.svg;5;kg;11500
abd1360502;GAS LA COPA;Distribuidora GLP;Malloquito N° 2760;13;Metropolitana de Santiago;13605;Peñaflor;+56 (02) 28120584;de 09,00 a 20,00 hrs domingos y festivos de 09,00 a 13,00 hrs;-33,603230575915;-70,884685375671;abastible;http://api.cne.cl/brands/1820130712111413.jpg;http://api.cne.cl/brands/abastible.svg;http://api.cne.cl/brands/abastible-horizontal.svg;11;kg;18900
abd1360502;GAS LA COPA;Distribuidora GLP;Malloquito N° 2760;13;Metropolitana de Santiago;13605;Peñaflor;+56 (02) 28120584;de 09,00 a 20,00 hrs domingos y festivos de 09,00 a 13,00 hrs;-33,603230575915;-70,884685375671;abastible;http://api.cne.cl/brands/1820130712111413.jpg;http://api.cne.cl/brands/abastible.svg;http://api.cne.cl/brands/abastible-horizontal.svg;15;kg;25500
abd1360502;GAS LA COPA;Distribuidora GLP;Malloquito N° 2760;13;Metropolitana de Santiago;13605;Peñaflor;+56 (02) 28120584;de 09,00 a 20,00 hrs domingos y festivos de 09,00 a 13,00 hrs;-33,603230575915;-70,884685375671;abastible;http://api.cne.cl/brands/1820130712111413.jpg;http://api.cne.cl/brands/abastible.svg;http://api.cne.cl/brands/abastible-horizontal.svg;45;kg;76300
abd510903;GAS  DEL  CARMEN;Distribuidora GLP;las rejas 1379 miraflores alto viña del mar;05;Valparaíso;05109;Viña del Mar;+56 32 -2189900;8.00 a 20.30 hras;-33,026916702904;-71,522894373605;abastible;http://api.cne.cl/brands/1820130712111413.jpg;http://api.cne.cl/brands/abastible.svg;http://api.cne.cl/brands/abastible-horizontal.svg;5;kg;12650
abd510903;GAS  DEL  CARMEN;Distribuidora GLP;las rejas 1379 miraflores alto viña del mar;05;Valparaíso;05109;Viña del Mar;+56 32 -2189900;8.00 a 20.30 hras;-33,026916702904;-71,522894373605;abastible;http://api.cne.cl/brands/1820130712111413.jpg;http://api.cne.cl/brands/abastible.svg;http://api.cne.cl/brands/abastible-horizontal.svg;11;kg;20850
abd510903;GAS  DEL  CARMEN;Distribuidora GLP;las rejas 1379 miraflores alto viña del mar;05;Valparaíso;05109;Viña del Mar;+56 32 -2189900;8.00 a 20.30 hras;-33,026916702904;-71,522894373605;abastible;http://api.cne.cl/brands/1820130712111413.jpg;http://api.cne.cl/brands/abastible.svg;http://api.cne.cl/brands/abastible-horizontal.svg;15;kg;25000
abd510903;GAS  DEL  CARMEN;Distribuidora GLP;las rejas 1379 miraflores alto viña del mar;05;Valparaíso;05109;Viña del Mar;+56 32 -2189900;8.00 a 20.30 hras;-33,026916702904;-71,522894373605;abastible;http://api.cne.cl/brands/1820130712111413.jpg;http://api.cne.cl/brands/abastible.svg;http://api.cne.cl/brands/abastible-horizontal.svg;45;kg;87950
abd1310503;Rapido-Gas;Distribuidora GLP;Jorge Luco 907;13;Metropolitana de Santiago;13105;El Bosque;+56 225274841;desde las 9.00 hasta 20.00 horas;-33,5588597;-70,6639828;abastible;http://api.cne.cl/brands/1820130712111413.jpg;http://api.cne.cl/brands/abastible.svg;http://api.cne.cl/brands/abastible-horizontal.svg;5;kg;12200
abd1310503;Rapido-Gas;Distribuidora GLP;Jorge Luco 907;13;Metropolitana de Santiago;13105;El Bosque;+56 225274841;desde las 9.00 hasta 20.00 horas;-33,5588597;-70,6639828;abastible;http://api.cne.cl/brands/1820130712111413.jpg;http://api.cne.cl/brands/abastible.svg;http://api.cne.cl/brands/abastible-horizontal.svg;11;kg;19600
abd1310503;Rapido-Gas;Distribuidora GLP;Jorge Luco 907;13;Metropolitana de Santiago;13105;El Bosque;+56 225274841;desde las 9.00 hasta 20.00 horas;-33,5588597;-70,6639828;abastible;http://api.cne.cl/brands/1820130712111413.jpg;http://api.cne.cl/brands/abastible.svg;http://api.cne.cl/brands/abastible-horizontal.svg;15;kg;26650
abd1310503;Rapido-Gas;Distribuidora GLP;Jorge Luco 907;13;Metropolitana de Santiago;13105;El Bosque;+56 225274841;desde las 9.00 hasta 20.00 horas;-33,5588597;-70,6639828;abastible;http://api.cne.cl/brands/1820130712111413.jpg;http://api.cne.cl/brands/abastible.svg;http://api.cne.cl/brands/abastible-horizontal.svg;45;kg;78650
lid110201;MGD EXPRESS LTDA;Distribuidora GLP;AV. LAS PARCELAS MANZ.F SITIO 2 Y 3;01;Tarapacá;01107;Alto Hospicio;+56 057-2491010     057-2493029;08:00HRS  A 21:00HRS;-20,268402483958;-70,094754640137;lipigas;http://api.cne.cl/brands/1720130729122214.jpg;http://api.cne.cl/brands/lipigas.svg;http://api.cne.cl/brands/lipigas-horizontal.svg;5;kg;12890
lid110201;MGD EXPRESS LTDA;Distribuidora GLP;AV. LAS PARCELAS MANZ.F SITIO 2 Y 3;01;Tarapacá;01107;Alto Hospicio;+56 057-2491010     057-2493029;08:00HRS  A 21:00HRS;-20,268402483958;-70,094754640137;lipigas;http://api.cne.cl/brands/1720130729122214.jpg;http://api.cne.cl/brands/lipigas.svg;http://api.cne.cl/brands/lipigas-horizontal.svg;11;kg;22790
lid110201;MGD EXPRESS LTDA;Distribuidora GLP;AV. LAS PARCELAS MANZ.F SITIO 2 Y 3;01;Tarapacá;01107;Alto Hospicio;+56 057-2491010     057-2493029;08:00HRS  A 21:00HRS;-20,268402483958;-70,094754640137;lipigas;http://api.cne.cl/brands/1720130729122214.jpg;http://api.cne.cl/brands/lipigas.svg;http://api.cne.cl/brands/lipigas-horizontal.svg;15;kg;27790
lid110201;MGD EXPRESS LTDA;Distribuidora GLP;AV. LAS PARCELAS MANZ.F SITIO 2 Y 3;01;Tarapacá;01107;Alto Hospicio;+56 057-2491010     057-2493029;08:00HRS  A 21:00HRS;-20,268402483958;-70,094754640137;lipigas;http://api.cne.cl/brands/1720130729122214.jpg;http://api.cne.cl/brands/lipigas.svg;http://api.cne.cl/brands/lipigas-horizontal.svg;45;kg;96990
lid110202;MGD EXPRESS LTDA;Distribuidora GLP;LOS DAMASCOS N° 2955;01;Tarapacá;01107;Alto Hospicio;+56 057-2491010     057-2493029;08:00HRS  A 21:00HRS;-20,2679755;-70,1048116;lipigas;http://api.cne.cl/brands/1720130729122214.jpg;http://api.cne.cl/brands/lipigas.svg;http://api.cne.cl/brands/lipigas-horizontal.svg;5;kg;12890
lid110202;MGD EXPRESS LTDA;Distribuidora GLP;LOS DAMASCOS N° 2955;01;Tarapacá;01107;Alto Hospicio;+56 057-2491010     057-2493029;08:00HRS  A 21:00HRS;-20,2679755;-70,1048116;lipigas;http://api.cne.cl/brands/1720130729122214.jpg;http://api.cne.cl/brands/lipigas.svg;http://api.cne.cl/brands/lipigas-horizontal.svg;11;kg;22790
lid110202;MGD EXPRESS LTDA;Distribuidora GLP;LOS DAMASCOS N° 2955;01;Tarapacá;01107;Alto Hospicio;+56 057-2491010     057-2493029;08:00HRS  A 21:00HRS;-20,2679755;-70,1048116;lipigas;http://api.cne.cl/brands/1720130729122214.jpg;http://api.cne.cl/brands/lipigas.svg;http://api.cne.cl/brands/lipigas-horizontal.svg;15;kg;27790
lid110202;MGD EXPRESS LTDA;Distribuidora GLP;LOS DAMASCOS N° 2955;01;Tarapacá;01107;Alto Hospicio;+56 057-2491010     057-2493029;08:00HRS  A 21:00HRS;-20,2679755;-70,1048116;lipigas;http://api.cne.cl/brands/1720130729122214.jpg;http://api.cne.cl/brands/lipigas.svg;http://api.cne.cl/brands/lipigas-horizontal.svg;45;kg;96990
abd1311002;NICO GAS ;Distribuidora GLP;Av. trinidad Nº 1511;13;Metropolitana de Santiago;13110;La Florida;+56 02-22811977; 8:30 a 20:30 horas de lunes a sabado y domingo 09:00 a 15:30 horas;-33,546764;-70,6056296;abastible;http://api.cne.cl/brands/1820130712111413.jpg;http://api.cne.cl/brands/abastible.svg;http://api.cne.cl/brands/abastible-horizontal.svg;5;kg;11850
abd1311002;NICO GAS ;Distribuidora GLP;Av. trinidad Nº 1511;13;Metropolitana de Santiago;13110;La Florida;+56 02-22811977; 8:30 a 20:30 horas de lunes a sabado y domingo 09:00 a 15:30 horas;-33,546764;-70,6056296;abastible;http://api.cne.cl/brands/1820130712111413.jpg;http://api.cne.cl/brands/abastible.svg;http://api.cne.cl/brands/abastible-horizontal.svg;11;kg;18350
abd1311002;NICO GAS ;Distribuidora GLP;Av. trinidad Nº 1511;13;Metropolitana de Santiago;13110;La Florida;+56 02-22811977; 8:30 a 20:30 horas de lunes a sabado y domingo 09:00 a 15:30 horas;-33,546764;-70,6056296;abastible;http://api.cne.cl/brands/1820130712111413.jpg;http://api.cne.cl/brands/abastible.svg;http://api.cne.cl/brands/abastible-horizontal.svg;15;kg;25150
abd1311002;NICO GAS ;Distribuidora GLP;Av. trinidad Nº 1511;13;Metropolitana de Santiago;13110;La Florida;+56 02-22811977; 8:30 a 20:30 horas de lunes a sabado y domingo 09:00 a 15:30 horas;-33,546764;-70,6056296;abastible;http://api.cne.cl/brands/1820130712111413.jpg;http://api.cne.cl/brands/abastible.svg;http://api.cne.cl/brands/abastible-horizontal.svg;45;kg;73900
abd1360101;NEO-GAS ;Distribuidora GLP;BALMACEDA #1272;13;Metropolitana de Santiago;13601;Talagante;+56 22-8156734   22-8155531;9:30 a 20:30;0;0;abastible;http://api.cne.cl/brands/1820130712111413.jpg;http://api.cne.cl/brands/abastible.svg;http://api.cne.cl/brands/abastible-horizontal.svg;5;kg;11800
abd1360101;NEO-GAS ;Distribuidora GLP;BALMACEDA #1272;13;Metropolitana de Santiago;13601;Talagante;+56 22-8156734   22-8155531;9:30 a 20:30;0;0;abastible;http://api.cne.cl/brands/1820130712111413.jpg;http://api.cne.cl/brands/abastible.svg;http://api.cne.cl/brands/abastible-horizontal.svg;11;kg;18200
abd1360101;NEO-GAS ;Distribuidora GLP;BALMACEDA #1272;13;Metropolitana de Santiago;13601;Talagante;+56 22-8156734   22-8155531;9:30 a 20:30;0;0;abastible;http://api.cne.cl/brands/1820130712111413.jpg;http://api.cne.cl/brands/abastible.svg;http://api.cne.cl/brands/abastible-horizontal.svg;15;kg;25200
abd1360101;NEO-GAS ;Distribuidora GLP;BALMACEDA #1272;13;Metropolitana de Santiago;13601;Talagante;+56 22-8156734   22-8155531;9:30 a 20:30;0;0;abastible;http://api.cne.cl/brands/1820130712111413.jpg;http://api.cne.cl/brands/abastible.svg;http://api.cne.cl/brands/abastible-horizontal.svg;45;kg;74100
abd840601;Valmart Ltda.;Distribuidora GLP;Yungay;16;Ñuble;16103;Chillán Viejo;+56 422437020;24 Horas;-36,6286098;-72,1013249;lipigas;http://api.cne.cl/brands/1720130729122214.jpg;http://api.cne.cl/brands/lipigas.svg;http://api.cne.cl/brands/lipigas-horizontal.svg;5;kg;13350
abd840601;Valmart Ltda.;Distribuidora GLP;Yungay;16;Ñuble;16103;Chillán Viejo;+56 422437020;24 Horas;-36,6286098;-72,1013249;lipigas;http://api.cne.cl/brands/1720130729122214.jpg;http://api.cne.cl/brands/lipigas.svg;http://api.cne.cl/brands/lipigas-horizontal.svg;15;kg;27500
abd840601;Valmart Ltda.;Distribuidora GLP;Yungay;16;Ñuble;16103;Chillán Viejo;+56 422437020;24 Horas;-36,6286098;-72,1013249;lipigas;http://api.cne.cl/brands/1720130729122214.jpg;http://api.cne.cl/brands/lipigas.svg;http://api.cne.cl/brands/lipigas-horizontal.svg;45;kg;88500
lid840101;Urrejola Ltda.;Distribuidora GLP;Av. collin 788;16;Ñuble;16101;Chillán;+56 422437020;24 Horas;-36,6157052;-72,103056;lipigas;http://api.cne.cl/brands/1720130729122214.jpg;http://api.cne.cl/brands/lipigas.svg;http://api.cne.cl/brands/lipigas-horizontal.svg;5;kg;13050
lid840101;Urrejola Ltda.;Distribuidora GLP;Av. collin 788;16;Ñuble;16101;Chillán;+56 422437020;24 Horas;-36,6157052;-72,103056;lipigas;http://api.cne.cl/brands/1720130729122214.jpg;http://api.cne.cl/brands/lipigas.svg;http://api.cne.cl/brands/lipigas-horizontal.svg;11;kg;22270
lid840101;Urrejola Ltda.;Distribuidora GLP;Av. collin 788;16;Ñuble;16101;Chillán;+56 422437020;24 Horas;-36,6157052;-72,103056;lipigas;http://api.cne.cl/brands/1720130729122214.jpg;http://api.cne.cl/brands/lipigas.svg;http://api.cne.cl/brands/lipigas-horizontal.svg;15;kg;26500
lid840101;Urrejola Ltda.;Distribuidora GLP;Av. collin 788;16;Ñuble;16101;Chillán;+56 422437020;24 Horas;-36,6157052;-72,103056;lipigas;http://api.cne.cl/brands/1720130729122214.jpg;http://api.cne.cl/brands/lipigas.svg;http://api.cne.cl/brands/lipigas-horizontal.svg;45;kg;88600
gad1310205;FULL GAS;Distribuidora GLP;Independencia N° 3762;13;Metropolitana de Santiago;13104;Conchalí;+56 27320282-27344938;9:00 19:00;0;0;gasco;http://api.cne.cl/brands/1720130729122044.jpg;http://api.cne.cl/brands/gasco.svg;http://api.cne.cl/brands/gasco-horizontal.svg;2;kg;4550
gad1310205;FULL GAS;Distribuidora GLP;Independencia N° 3762;13;Metropolitana de Santiago;13104;Conchalí;+56 27320282-27344938;9:00 19:00;0;0;gasco;http://api.cne.cl/brands/1720130729122044.jpg;http://api.cne.cl/brands/gasco.svg;http://api.cne.cl/brands/gasco-horizontal.svg;5;kg;9100
gad1310205;FULL GAS;Distribuidora GLP;Independencia N° 3762;13;Metropolitana de Santiago;13104;Conchalí;+56 27320282-27344938;9:00 19:00;0;0;gasco;http://api.cne.cl/brands/1720130729122044.jpg;http://api.cne.cl/brands/gasco.svg;http://api.cne.cl/brands/gasco-horizontal.svg;11;kg;15600
gad1310205;FULL GAS;Distribuidora GLP;Independencia N° 3762;13;Metropolitana de Santiago;13104;Conchalí;+56 27320282-27344938;9:00 19:00;0;0;gasco;http://api.cne.cl/brands/1720130729122044.jpg;http://api.cne.cl/brands/gasco.svg;http://api.cne.cl/brands/gasco-horizontal.svg;15;kg;20550
gad1310205;FULL GAS;Distribuidora GLP;Independencia N° 3762;13;Metropolitana de Santiago;13104;Conchalí;+56 27320282-27344938;9:00 19:00;0;0;gasco;http://api.cne.cl/brands/1720130729122044.jpg;http://api.cne.cl/brands/gasco.svg;http://api.cne.cl/brands/gasco-horizontal.svg;45;kg;63800
lid110104;JUAN CARLOS ALFRED ROBERT;Distribuidora GLP;Avda. Salvador Allende N° 2210;01;Tarapacá;01101;Iquique;+56 0572346876;24 Horas;-20,2298167;-70,1354857;lipigas;http://api.cne.cl/brands/1720130729122214.jpg;http://api.cne.cl/brands/lipigas.svg;http://api.cne.cl/brands/lipigas-horizontal.svg;5;kg;14250
lid110104;JUAN CARLOS ALFRED ROBERT;Distribuidora GLP;Avda. Salvador Allende N° 2210;01;Tarapacá;01101;Iquique;+56 0572346876;24 Horas;-20,2298167;-70,1354857;lipigas;http://api.cne.cl/brands/1720130729122214.jpg;http://api.cne.cl/brands/lipigas.svg;http://api.cne.cl/brands/lipigas-horizontal.svg;11;kg;22450
lid110104;JUAN CARLOS ALFRED ROBERT;Distribuidora GLP;Avda. Salvador Allende N° 2210;01;Tarapacá;01101;Iquique;+56 0572346876;24 Horas;-20,2298167;-70,1354857;lipigas;http://api.cne.cl/brands/1720130729122214.jpg;http://api.cne.cl/brands/lipigas.svg;http://api.cne.cl/brands/lipigas-horizontal.svg;15;kg;27050
lid110104;JUAN CARLOS ALFRED ROBERT;Distribuidora GLP;Avda. Salvador Allende N° 2210;01;Tarapacá;01101;Iquique;+56 0572346876;24 Horas;-20,2298167;-70,1354857;lipigas;http://api.cne.cl/brands/1720130729122214.jpg;http://api.cne.cl/brands/lipigas.svg;http://api.cne.cl/brands/lipigas-horizontal.svg;45;kg;99050